Alan,İçerik,Kullanıcı Sorgusu,Benzerlik Skoru,Uyum Durumu
title,Google Reklam Vermek | 444 0 964 | Google Ads Reklam,google reklam verme,0.6478,uyumsuz
title,Google Reklam Vermek | 444 0 964 | Google Ads Reklam,reklam verme,0.3897,uyumsuz
title,Google Reklam Vermek | 444 0 964 | Google Ads Reklam,reklam ver,0.3496,uyumsuz
title,Google Reklam Vermek | 444 0 964 | Google Ads Reklam,reklam vermek,0.384,uyumsuz
title,Google Reklam Vermek | 444 0 964 | Google Ads Reklam,web site reklam,0.4461,uyumsuz
title,Google Reklam Vermek | 444 0 964 | Google Ads Reklam,ads reklam vermek,0.4115,uyumsuz
title,Google Reklam Vermek | 444 0 964 | Google Ads Reklam,ads reklam ver,0.4274,uyumsuz
title,Google Reklam Vermek | 444 0 964 | Google Ads Reklam,google reklam vermek,0.6427,uyumsuz
meta_description,"Google Ads Premier İş Ortağı: Google Ads Reklam Verme, Facebook Reklamları, Instagram Reklamları, Youtube Reklamları, Reklam Yönetimi ve Kurumsal Çözümler için Bizi Arayın 444-0-964",google reklam verme,0.4665,uyumsuz
meta_description,"Google Ads Premier İş Ortağı: Google Ads Reklam Verme, Facebook Reklamları, Instagram Reklamları, Youtube Reklamları, Reklam Yönetimi ve Kurumsal Çözümler için Bizi Arayın 444-0-964",reklam verme,0.3861,uyumsuz
meta_description,"Google Ads Premier İş Ortağı: Google Ads Reklam Verme, Facebook Reklamları, Instagram Reklamları, Youtube Reklamları, Reklam Yönetimi ve Kurumsal Çözümler için Bizi Arayın 444-0-964",reklam ver,0.343,uyumsuz
meta_description,"Google Ads Premier İş Ortağı: Google Ads Reklam Verme, Facebook Reklamları, Instagram Reklamları, Youtube Reklamları, Reklam Yönetimi ve Kurumsal Çözümler için Bizi Arayın 444-0-964",reklam vermek,0.3755,uyumsuz
meta_description,"Google Ads Premier İş Ortağı: Google Ads Reklam Verme, Facebook Reklamları, Instagram Reklamları, Youtube Reklamları, Reklam Yönetimi ve Kurumsal Çözümler için Bizi Arayın 444-0-964",web site reklam,0.3473,uyumsuz
meta_description,"Google Ads Premier İş Ortağı: Google Ads Reklam Verme, Facebook Reklamları, Instagram Reklamları, Youtube Reklamları, Reklam Yönetimi ve Kurumsal Çözümler için Bizi Arayın 444-0-964",ads reklam vermek,0.3719,uyumsuz
meta_description,"Google Ads Premier İş Ortağı: Google Ads Reklam Verme, Facebook Reklamları, Instagram Reklamları, Youtube Reklamları, Reklam Yönetimi ve Kurumsal Çözümler için Bizi Arayın 444-0-964",ads reklam ver,0.3811,uyumsuz
meta_description,"Google Ads Premier İş Ortağı: Google Ads Reklam Verme, Facebook Reklamları, Instagram Reklamları, Youtube Reklamları, Reklam Yönetimi ve Kurumsal Çözümler için Bizi Arayın 444-0-964",google reklam vermek,0.4525,uyumsuz
