sorgu,mevcut_icerik,gelistirilmis_icerik,HTML Bölümü,Eski Skor,Yeni Skor,Yüzde Değişim
google reklam verme nasıl,"Google reklamları direkt satış getiren, geri dönüşü kolayca ölçülebilen en iyi internet reklam aracıdır.","Google reklamları direkt satış getiren, geri dönüşü kolayca ölçülebilen en iyi internet reklam aracıdır.",h2,0.7208,0.7208,%0.0 artmış
google reklamı oluşturma rehberi,"Google reklamları direkt satış getiren, geri dönüşü kolayca ölçülebilen en iyi internet reklam aracıdır.","Google reklamları direkt satış getiren, geri dönüşü kolayca ölçülebilen en iyi internet reklam aracıdır.",h2,0.6638,0.6638,%0.0 artmış
google reklam verme nasıl,Google Ads Nedir?,Google Ads Nedir?,h2,0.6696,0.6696,%0.0 artmış
google reklam verme nasıl,"hizmetlerimiz
Sıkça sorulan sorular
Uzmanlarımıza sıkça sorulan sorulara buradan ulaşabilirsiniz.
Google Ads Nedir?
Google Ads ürününüz ya da hizmetiniz için hızlı ve basit bir reklam mecrasıdır. Google Ads reklamları aracılığıyla reklamlarınız Google'da arama sonuçlarında yayınlanır. Minimum bir aylık ücret ödemenizi gerektirmeyen Google Ads reklamlarında, kullanıcılar reklamınıza tıkladığında ödeme yaparsınız. Google Ads reklamlarını başlatmak için başvuru formunu doldurmanız yeterlidir. 
Instagram Reklamları Ürünüm/Hizmetim için Yararlı Olur Mu?
Twitter Reklam Türleri Nelerdir?
Neden Mobil Uyumlu Bir Web Sitesi Yaptırmalıyım?","hizmetlerimiz
Sıkça sorulan sorular
Uzmanlarımıza sıkça sorulan sorulara buradan ulaşabilirsiniz.
Google Ads Nedir?
Google Ads ürününüz ya da hizmetiniz için hızlı ve basit bir reklam mecrasıdır. Google Ads reklamları aracılığıyla reklamlarınız Google'da arama sonuçlarında yayınlanır. Minimum bir aylık ücret ödemenizi gerektirmeyen Google Ads reklamlarında, kullanıcılar reklamınıza tıkladığında ödeme yaparsınız. Google Ads reklamlarını başlatmak için başvuru formunu doldurmanız yeterlidir. 
Instagram Reklamları Ürünüm/Hizmetim için Yararlı Olur Mu?
Twitter Reklam Türleri Nelerdir?
Neden Mobil Uyumlu Bir Web Sitesi Yaptırmalıyım?",div,0.6921,0.6921,%0.0 artmış
google reklamı oluşturma rehberi,"hizmetlerimiz
Sıkça sorulan sorular
Uzmanlarımıza sıkça sorulan sorulara buradan ulaşabilirsiniz.
Google Ads Nedir?
Google Ads ürününüz ya da hizmetiniz için hızlı ve basit bir reklam mecrasıdır. Google Ads reklamları aracılığıyla reklamlarınız Google'da arama sonuçlarında yayınlanır. Minimum bir aylık ücret ödemenizi gerektirmeyen Google Ads reklamlarında, kullanıcılar reklamınıza tıkladığında ödeme yaparsınız. Google Ads reklamlarını başlatmak için başvuru formunu doldurmanız yeterlidir. 
Instagram Reklamları Ürünüm/Hizmetim için Yararlı Olur Mu?
Twitter Reklam Türleri Nelerdir?
Neden Mobil Uyumlu Bir Web Sitesi Yaptırmalıyım?","hizmetlerimiz
Sıkça sorulan sorular
Uzmanlarımıza sıkça sorulan sorulara buradan ulaşabilirsiniz.
Google Ads Nedir?
Google Ads ürününüz ya da hizmetiniz için hızlı ve basit bir reklam mecrasıdır. Google Ads reklamları aracılığıyla reklamlarınız Google'da arama sonuçlarında yayınlanır. Minimum bir aylık ücret ödemenizi gerektirmeyen Google Ads reklamlarında, kullanıcılar reklamınıza tıkladığında ödeme yaparsınız. Google Ads reklamlarını başlatmak için başvuru formunu doldurmanız yeterlidir. 
Instagram Reklamları Ürünüm/Hizmetim için Yararlı Olur Mu?
Twitter Reklam Türleri Nelerdir?
Neden Mobil Uyumlu Bir Web Sitesi Yaptırmalıyım?",div,0.6784,0.6784,%0.0 artmış
google reklam verme nasıl,"hizmetlerimiz
Sıkça sorulan sorular
Uzmanlarımıza sıkça sorulan sorulara buradan ulaşabilirsiniz.
Google Ads Nedir?
Google Ads ürününüz ya da hizmetiniz için hızlı ve basit bir reklam mecrasıdır. Google Ads reklamları aracılığıyla reklamlarınız Google'da arama sonuçlarında yayınlanır. Minimum bir aylık ücret ödemenizi gerektirmeyen Google Ads reklamlarında, kullanıcılar reklamınıza tıkladığında ödeme yaparsınız. Google Ads reklamlarını başlatmak için başvuru formunu doldurmanız yeterlidir. 
Instagram Reklamları Ürünüm/Hizmetim için Yararlı Olur Mu?
Twitter Reklam Türleri Nelerdir?
Neden Mobil Uyumlu Bir Web Sitesi Yaptırmalıyım?","hizmetlerimiz
Sıkça sorulan sorular
Uzmanlarımıza sıkça sorulan sorulara buradan ulaşabilirsiniz.
Google Ads Nedir?
Google Ads ürününüz ya da hizmetiniz için hızlı ve basit bir reklam mecrasıdır. Google Ads reklamları aracılığıyla reklamlarınız Google'da arama sonuçlarında yayınlanır. Minimum bir aylık ücret ödemenizi gerektirmeyen Google Ads reklamlarında, kullanıcılar reklamınıza tıkladığında ödeme yaparsınız. Google Ads reklamlarını başlatmak için başvuru formunu doldurmanız yeterlidir. 
Instagram Reklamları Ürünüm/Hizmetim için Yararlı Olur Mu?
Twitter Reklam Türleri Nelerdir?
Neden Mobil Uyumlu Bir Web Sitesi Yaptırmalıyım?",div,0.6921,0.6921,%0.0 artmış
google reklamı oluşturma rehberi,"hizmetlerimiz
Sıkça sorulan sorular
Uzmanlarımıza sıkça sorulan sorulara buradan ulaşabilirsiniz.
Google Ads Nedir?
Google Ads ürününüz ya da hizmetiniz için hızlı ve basit bir reklam mecrasıdır. Google Ads reklamları aracılığıyla reklamlarınız Google'da arama sonuçlarında yayınlanır. Minimum bir aylık ücret ödemenizi gerektirmeyen Google Ads reklamlarında, kullanıcılar reklamınıza tıkladığında ödeme yaparsınız. Google Ads reklamlarını başlatmak için başvuru formunu doldurmanız yeterlidir. 
Instagram Reklamları Ürünüm/Hizmetim için Yararlı Olur Mu?
Twitter Reklam Türleri Nelerdir?
Neden Mobil Uyumlu Bir Web Sitesi Yaptırmalıyım?","hizmetlerimiz
Sıkça sorulan sorular
Uzmanlarımıza sıkça sorulan sorulara buradan ulaşabilirsiniz.
Google Ads Nedir?
Google Ads ürününüz ya da hizmetiniz için hızlı ve basit bir reklam mecrasıdır. Google Ads reklamları aracılığıyla reklamlarınız Google'da arama sonuçlarında yayınlanır. Minimum bir aylık ücret ödemenizi gerektirmeyen Google Ads reklamlarında, kullanıcılar reklamınıza tıkladığında ödeme yaparsınız. Google Ads reklamlarını başlatmak için başvuru formunu doldurmanız yeterlidir. 
Instagram Reklamları Ürünüm/Hizmetim için Yararlı Olur Mu?
Twitter Reklam Türleri Nelerdir?
Neden Mobil Uyumlu Bir Web Sitesi Yaptırmalıyım?",div,0.6784,0.6784,%0.0 artmış
google reklam verme nasıl,"Google Ads Nedir?
Google Ads ürününüz ya da hizmetiniz için hızlı ve basit bir reklam mecrasıdır. Google Ads reklamları aracılığıyla reklamlarınız Google'da arama sonuçlarında yayınlanır. Minimum bir aylık ücret ödemenizi gerektirmeyen Google Ads reklamlarında, kullanıcılar reklamınıza tıkladığında ödeme yaparsınız. Google Ads reklamlarını başlatmak için başvuru formunu doldurmanız yeterlidir. 
Instagram Reklamları Ürünüm/Hizmetim için Yararlı Olur Mu?
Twitter Reklam Türleri Nelerdir?
Neden Mobil Uyumlu Bir Web Sitesi Yaptırmalıyım?","Google Ads Nedir?
Google Ads ürününüz ya da hizmetiniz için hızlı ve basit bir reklam mecrasıdır. Google Ads reklamları aracılığıyla reklamlarınız Google'da arama sonuçlarında yayınlanır. Minimum bir aylık ücret ödemenizi gerektirmeyen Google Ads reklamlarında, kullanıcılar reklamınıza tıkladığında ödeme yaparsınız. Google Ads reklamlarını başlatmak için başvuru formunu doldurmanız yeterlidir. 
Instagram Reklamları Ürünüm/Hizmetim için Yararlı Olur Mu?
Twitter Reklam Türleri Nelerdir?
Neden Mobil Uyumlu Bir Web Sitesi Yaptırmalıyım?",div,0.6734,0.6734,%0.0 artmış
google reklamı oluşturma rehberi,"Google Ads Nedir?
Google Ads ürününüz ya da hizmetiniz için hızlı ve basit bir reklam mecrasıdır. Google Ads reklamları aracılığıyla reklamlarınız Google'da arama sonuçlarında yayınlanır. Minimum bir aylık ücret ödemenizi gerektirmeyen Google Ads reklamlarında, kullanıcılar reklamınıza tıkladığında ödeme yaparsınız. Google Ads reklamlarını başlatmak için başvuru formunu doldurmanız yeterlidir. 
Instagram Reklamları Ürünüm/Hizmetim için Yararlı Olur Mu?
Twitter Reklam Türleri Nelerdir?
Neden Mobil Uyumlu Bir Web Sitesi Yaptırmalıyım?","Google Ads Nedir?
Google Ads ürününüz ya da hizmetiniz için hızlı ve basit bir reklam mecrasıdır. Google Ads reklamları aracılığıyla reklamlarınız Google'da arama sonuçlarında yayınlanır. Minimum bir aylık ücret ödemenizi gerektirmeyen Google Ads reklamlarında, kullanıcılar reklamınıza tıkladığında ödeme yaparsınız. Google Ads reklamlarını başlatmak için başvuru formunu doldurmanız yeterlidir. 
Instagram Reklamları Ürünüm/Hizmetim için Yararlı Olur Mu?
Twitter Reklam Türleri Nelerdir?
Neden Mobil Uyumlu Bir Web Sitesi Yaptırmalıyım?",div,0.6653,0.6653,%0.0 artmış
google reklam verme nasıl,"Google Ads Nedir?
Google Ads ürününüz ya da hizmetiniz için hızlı ve basit bir reklam mecrasıdır. Google Ads reklamları aracılığıyla reklamlarınız Google'da arama sonuçlarında yayınlanır. Minimum bir aylık ücret ödemenizi gerektirmeyen Google Ads reklamlarında, kullanıcılar reklamınıza tıkladığında ödeme yaparsınız. Google Ads reklamlarını başlatmak için başvuru formunu doldurmanız yeterlidir. 
Instagram Reklamları Ürünüm/Hizmetim için Yararlı Olur Mu?
Twitter Reklam Türleri Nelerdir?
Neden Mobil Uyumlu Bir Web Sitesi Yaptırmalıyım?","Google Ads Nedir?
Google Ads ürününüz ya da hizmetiniz için hızlı ve basit bir reklam mecrasıdır. Google Ads reklamları aracılığıyla reklamlarınız Google'da arama sonuçlarında yayınlanır. Minimum bir aylık ücret ödemenizi gerektirmeyen Google Ads reklamlarında, kullanıcılar reklamınıza tıkladığında ödeme yaparsınız. Google Ads reklamlarını başlatmak için başvuru formunu doldurmanız yeterlidir. 
Instagram Reklamları Ürünüm/Hizmetim için Yararlı Olur Mu?
Twitter Reklam Türleri Nelerdir?
Neden Mobil Uyumlu Bir Web Sitesi Yaptırmalıyım?",div,0.6734,0.6734,%0.0 artmış
google reklamı oluşturma rehberi,"Google Ads Nedir?
Google Ads ürününüz ya da hizmetiniz için hızlı ve basit bir reklam mecrasıdır. Google Ads reklamları aracılığıyla reklamlarınız Google'da arama sonuçlarında yayınlanır. Minimum bir aylık ücret ödemenizi gerektirmeyen Google Ads reklamlarında, kullanıcılar reklamınıza tıkladığında ödeme yaparsınız. Google Ads reklamlarını başlatmak için başvuru formunu doldurmanız yeterlidir. 
Instagram Reklamları Ürünüm/Hizmetim için Yararlı Olur Mu?
Twitter Reklam Türleri Nelerdir?
Neden Mobil Uyumlu Bir Web Sitesi Yaptırmalıyım?","Google Ads Nedir?
Google Ads ürününüz ya da hizmetiniz için hızlı ve basit bir reklam mecrasıdır. Google Ads reklamları aracılığıyla reklamlarınız Google'da arama sonuçlarında yayınlanır. Minimum bir aylık ücret ödemenizi gerektirmeyen Google Ads reklamlarında, kullanıcılar reklamınıza tıkladığında ödeme yaparsınız. Google Ads reklamlarını başlatmak için başvuru formunu doldurmanız yeterlidir. 
Instagram Reklamları Ürünüm/Hizmetim için Yararlı Olur Mu?
Twitter Reklam Türleri Nelerdir?
Neden Mobil Uyumlu Bir Web Sitesi Yaptırmalıyım?",div,0.6653,0.6653,%0.0 artmış
google reklam verme nasıl,"Google Ads Nedir?
Google Ads ürününüz ya da hizmetiniz için hızlı ve basit bir reklam mecrasıdır. Google Ads reklamları aracılığıyla reklamlarınız Google'da arama sonuçlarında yayınlanır. Minimum bir aylık ücret ödemenizi gerektirmeyen Google Ads reklamlarında, kullanıcılar reklamınıza tıkladığında ödeme yaparsınız. Google Ads reklamlarını başlatmak için başvuru formunu doldurmanız yeterlidir. 
Instagram Reklamları Ürünüm/Hizmetim için Yararlı Olur Mu?
Twitter Reklam Türleri Nelerdir?
Neden Mobil Uyumlu Bir Web Sitesi Yaptırmalıyım?","Google Ads Nedir?
Google Ads ürününüz ya da hizmetiniz için hızlı ve basit bir reklam mecrasıdır. Google Ads reklamları aracılığıyla reklamlarınız Google'da arama sonuçlarında yayınlanır. Minimum bir aylık ücret ödemenizi gerektirmeyen Google Ads reklamlarında, kullanıcılar reklamınıza tıkladığında ödeme yaparsınız. Google Ads reklamlarını başlatmak için başvuru formunu doldurmanız yeterlidir. 
Instagram Reklamları Ürünüm/Hizmetim için Yararlı Olur Mu?
Twitter Reklam Türleri Nelerdir?
Neden Mobil Uyumlu Bir Web Sitesi Yaptırmalıyım?",div,0.6734,0.6734,%0.0 artmış
google reklamı oluşturma rehberi,"Google Ads Nedir?
Google Ads ürününüz ya da hizmetiniz için hızlı ve basit bir reklam mecrasıdır. Google Ads reklamları aracılığıyla reklamlarınız Google'da arama sonuçlarında yayınlanır. Minimum bir aylık ücret ödemenizi gerektirmeyen Google Ads reklamlarında, kullanıcılar reklamınıza tıkladığında ödeme yaparsınız. Google Ads reklamlarını başlatmak için başvuru formunu doldurmanız yeterlidir. 
Instagram Reklamları Ürünüm/Hizmetim için Yararlı Olur Mu?
Twitter Reklam Türleri Nelerdir?
Neden Mobil Uyumlu Bir Web Sitesi Yaptırmalıyım?","Google Ads Nedir?
Google Ads ürününüz ya da hizmetiniz için hızlı ve basit bir reklam mecrasıdır. Google Ads reklamları aracılığıyla reklamlarınız Google'da arama sonuçlarında yayınlanır. Minimum bir aylık ücret ödemenizi gerektirmeyen Google Ads reklamlarında, kullanıcılar reklamınıza tıkladığında ödeme yaparsınız. Google Ads reklamlarını başlatmak için başvuru formunu doldurmanız yeterlidir. 
Instagram Reklamları Ürünüm/Hizmetim için Yararlı Olur Mu?
Twitter Reklam Türleri Nelerdir?
Neden Mobil Uyumlu Bir Web Sitesi Yaptırmalıyım?",div,0.6653,0.6653,%0.0 artmış
google reklam verme nasıl,"Google Ads Nedir?
Google Ads ürününüz ya da hizmetiniz için hızlı ve basit bir reklam mecrasıdır. Google Ads reklamları aracılığıyla reklamlarınız Google'da arama sonuçlarında yayınlanır. Minimum bir aylık ücret ödemenizi gerektirmeyen Google Ads reklamlarında, kullanıcılar reklamınıza tıkladığında ödeme yaparsınız. Google Ads reklamlarını başlatmak için başvuru formunu doldurmanız yeterlidir. 
Instagram Reklamları Ürünüm/Hizmetim için Yararlı Olur Mu?
Twitter Reklam Türleri Nelerdir?
Neden Mobil Uyumlu Bir Web Sitesi Yaptırmalıyım?","Google Ads Nedir?
Google Ads ürününüz ya da hizmetiniz için hızlı ve basit bir reklam mecrasıdır. Google Ads reklamları aracılığıyla reklamlarınız Google'da arama sonuçlarında yayınlanır. Minimum bir aylık ücret ödemenizi gerektirmeyen Google Ads reklamlarında, kullanıcılar reklamınıza tıkladığında ödeme yaparsınız. Google Ads reklamlarını başlatmak için başvuru formunu doldurmanız yeterlidir. 
Instagram Reklamları Ürünüm/Hizmetim için Yararlı Olur Mu?
Twitter Reklam Türleri Nelerdir?
Neden Mobil Uyumlu Bir Web Sitesi Yaptırmalıyım?",div,0.6734,0.6734,%0.0 artmış
google reklamı oluşturma rehberi,"Google Ads Nedir?
Google Ads ürününüz ya da hizmetiniz için hızlı ve basit bir reklam mecrasıdır. Google Ads reklamları aracılığıyla reklamlarınız Google'da arama sonuçlarında yayınlanır. Minimum bir aylık ücret ödemenizi gerektirmeyen Google Ads reklamlarında, kullanıcılar reklamınıza tıkladığında ödeme yaparsınız. Google Ads reklamlarını başlatmak için başvuru formunu doldurmanız yeterlidir. 
Instagram Reklamları Ürünüm/Hizmetim için Yararlı Olur Mu?
Twitter Reklam Türleri Nelerdir?
Neden Mobil Uyumlu Bir Web Sitesi Yaptırmalıyım?","Google Ads Nedir?
Google Ads ürününüz ya da hizmetiniz için hızlı ve basit bir reklam mecrasıdır. Google Ads reklamları aracılığıyla reklamlarınız Google'da arama sonuçlarında yayınlanır. Minimum bir aylık ücret ödemenizi gerektirmeyen Google Ads reklamlarında, kullanıcılar reklamınıza tıkladığında ödeme yaparsınız. Google Ads reklamlarını başlatmak için başvuru formunu doldurmanız yeterlidir. 
Instagram Reklamları Ürünüm/Hizmetim için Yararlı Olur Mu?
Twitter Reklam Türleri Nelerdir?
Neden Mobil Uyumlu Bir Web Sitesi Yaptırmalıyım?",div,0.6653,0.6653,%0.0 artmış
google reklam verme nasıl,"Google Ads Nedir?
Google Ads ürününüz ya da hizmetiniz için hızlı ve basit bir reklam mecrasıdır. Google Ads reklamları aracılığıyla reklamlarınız Google'da arama sonuçlarında yayınlanır. Minimum bir aylık ücret ödemenizi gerektirmeyen Google Ads reklamlarında, kullanıcılar reklamınıza tıkladığında ödeme yaparsınız. Google Ads reklamlarını başlatmak için başvuru formunu doldurmanız yeterlidir.","Google Ads Nedir?
Google Ads ürününüz ya da hizmetiniz için hızlı ve basit bir reklam mecrasıdır. Google Ads reklamları aracılığıyla reklamlarınız Google'da arama sonuçlarında yayınlanır. Minimum bir aylık ücret ödemenizi gerektirmeyen Google Ads reklamlarında, kullanıcılar reklamınıza tıkladığında ödeme yaparsınız. Google Ads reklamlarını başlatmak için başvuru formunu doldurmanız yeterlidir.",div,0.6734,0.6734,%0.0 artmış
google reklamı oluşturma rehberi,"Google Ads Nedir?
Google Ads ürününüz ya da hizmetiniz için hızlı ve basit bir reklam mecrasıdır. Google Ads reklamları aracılığıyla reklamlarınız Google'da arama sonuçlarında yayınlanır. Minimum bir aylık ücret ödemenizi gerektirmeyen Google Ads reklamlarında, kullanıcılar reklamınıza tıkladığında ödeme yaparsınız. Google Ads reklamlarını başlatmak için başvuru formunu doldurmanız yeterlidir.","Google Ads Nedir?
Google Ads ürününüz ya da hizmetiniz için hızlı ve basit bir reklam mecrasıdır. Google Ads reklamları aracılığıyla reklamlarınız Google'da arama sonuçlarında yayınlanır. Minimum bir aylık ücret ödemenizi gerektirmeyen Google Ads reklamlarında, kullanıcılar reklamınıza tıkladığında ödeme yaparsınız. Google Ads reklamlarını başlatmak için başvuru formunu doldurmanız yeterlidir.",div,0.6653,0.6653,%0.0 artmış
google reklam verme nasıl,Google Ads Nedir?,Google Ads Nedir?,div,0.6696,0.6696,%0.0 artmış
google reklam verme nasıl,Google Ads Nedir?,Google Ads Nedir?,div,0.6696,0.6696,%0.0 artmış
google reklam verme nasıl,Google Ads Nedir?,Google Ads Nedir?,div,0.6696,0.6696,%0.0 artmış
google reklam verme nasıl,Google Reklamları,Google Reklamları,li,0.8116,0.8116,%0.0 artmış
google reklamı oluşturma rehberi,Google Reklamları,Google Reklamları,li,0.7747,0.7747,%0.0 artmış
