HTML Bölümü,Kullanıcı Sorgusu,Eski Metin,Geliştirilmiş Metin,Eski Skor,Yeni Skor,Yüzde Değişim
h2,google reklam verme,"Google reklamları direkt satış getiren, geri dönüşü kolayca ölçülebilen en iyi internet reklam aracıdır.",Google Reklam Verme Nasıl Yapılır?,0.719696,0.810164,12.57
h2,google reklam verme,Google Ads Nedir?,Google Reklam Verme Nasıl Yapılır?,0.671517,0.810164,20.65
div,google reklam verme,"Google reklamları direkt satış getiren, geri dönüşü kolayca ölçülebilen en iyi internet reklam aracıdır.",Google reklam verme adımları nelerdir?,0.719696,0.751513,4.42
div,google reklam verme,"Google reklamları direkt satış getiren, geri dönüşü kolayca ölçülebilen en iyi internet reklam aracıdır.",Google reklam verme adımları nelerdir?,0.719696,0.751513,4.42
div,google reklam verme,"Google reklamları direkt satış getiren, geri dönüşü kolayca ölçülebilen en iyi internet reklam aracıdır.",Google reklam verme adımları nelerdir?,0.719696,0.751513,4.42
div,google reklam verme,"hizmetlerimiz Sıkça sorulan sorular Uzmanlarımıza sıkça sorulan sorulara buradan ulaşabilirsiniz. Google Ads Nedir? Google Ads ürününüz ya da hizmetiniz için hızlı ve basit bir reklam mecrasıdır. Google Ads reklamları aracılığıyla reklamlarınız Google'da arama sonuçlarında yayınlanır. Minimum bir aylık ücret ödemenizi gerektirmeyen Google Ads reklamlarında, kullanıcılar reklamınıza tıkladığında ödeme yaparsınız. Google Ads reklamlarını başlatmak için başvuru formunu doldurmanız yeterlidir. Instagram Reklamları Ürünüm/Hizmetim için Yararlı Olur Mu? Twitter Reklam Türleri Nelerdir? Neden Mobil Uyumlu Bir Web Sitesi Yaptırmalıyım?",Google reklam verme adımları nelerdir?,0.690473,0.751513,8.84
div,google reklam verme,"hizmetlerimiz Sıkça sorulan sorular Uzmanlarımıza sıkça sorulan sorulara buradan ulaşabilirsiniz. Google Ads Nedir? Google Ads ürününüz ya da hizmetiniz için hızlı ve basit bir reklam mecrasıdır. Google Ads reklamları aracılığıyla reklamlarınız Google'da arama sonuçlarında yayınlanır. Minimum bir aylık ücret ödemenizi gerektirmeyen Google Ads reklamlarında, kullanıcılar reklamınıza tıkladığında ödeme yaparsınız. Google Ads reklamlarını başlatmak için başvuru formunu doldurmanız yeterlidir. Instagram Reklamları Ürünüm/Hizmetim için Yararlı Olur Mu? Twitter Reklam Türleri Nelerdir? Neden Mobil Uyumlu Bir Web Sitesi Yaptırmalıyım?",Google reklam verme adımları nelerdir?,0.690473,0.751513,8.84
div,google reklam verme,"Google Ads Nedir? Google Ads ürününüz ya da hizmetiniz için hızlı ve basit bir reklam mecrasıdır. Google Ads reklamları aracılığıyla reklamlarınız Google'da arama sonuçlarında yayınlanır. Minimum bir aylık ücret ödemenizi gerektirmeyen Google Ads reklamlarında, kullanıcılar reklamınıza tıkladığında ödeme yaparsınız. Google Ads reklamlarını başlatmak için başvuru formunu doldurmanız yeterlidir. Instagram Reklamları Ürünüm/Hizmetim için Yararlı Olur Mu? Twitter Reklam Türleri Nelerdir? Neden Mobil Uyumlu Bir Web Sitesi Yaptırmalıyım?",Google reklam verme adımları nelerdir?,0.674506,0.751513,11.42
div,google reklam verme,"Google Ads Nedir? Google Ads ürününüz ya da hizmetiniz için hızlı ve basit bir reklam mecrasıdır. Google Ads reklamları aracılığıyla reklamlarınız Google'da arama sonuçlarında yayınlanır. Minimum bir aylık ücret ödemenizi gerektirmeyen Google Ads reklamlarında, kullanıcılar reklamınıza tıkladığında ödeme yaparsınız. Google Ads reklamlarını başlatmak için başvuru formunu doldurmanız yeterlidir. Instagram Reklamları Ürünüm/Hizmetim için Yararlı Olur Mu? Twitter Reklam Türleri Nelerdir? Neden Mobil Uyumlu Bir Web Sitesi Yaptırmalıyım?",Google reklam verme adımları nelerdir?,0.674506,0.751513,11.42
div,google reklam verme,"Google Ads Nedir? Google Ads ürününüz ya da hizmetiniz için hızlı ve basit bir reklam mecrasıdır. Google Ads reklamları aracılığıyla reklamlarınız Google'da arama sonuçlarında yayınlanır. Minimum bir aylık ücret ödemenizi gerektirmeyen Google Ads reklamlarında, kullanıcılar reklamınıza tıkladığında ödeme yaparsınız. Google Ads reklamlarını başlatmak için başvuru formunu doldurmanız yeterlidir. Instagram Reklamları Ürünüm/Hizmetim için Yararlı Olur Mu? Twitter Reklam Türleri Nelerdir? Neden Mobil Uyumlu Bir Web Sitesi Yaptırmalıyım?",Google reklam verme adımları nelerdir?,0.674506,0.751513,11.42
div,google reklam verme,"Google Ads Nedir? Google Ads ürününüz ya da hizmetiniz için hızlı ve basit bir reklam mecrasıdır. Google Ads reklamları aracılığıyla reklamlarınız Google'da arama sonuçlarında yayınlanır. Minimum bir aylık ücret ödemenizi gerektirmeyen Google Ads reklamlarında, kullanıcılar reklamınıza tıkladığında ödeme yaparsınız. Google Ads reklamlarını başlatmak için başvuru formunu doldurmanız yeterlidir. Instagram Reklamları Ürünüm/Hizmetim için Yararlı Olur Mu? Twitter Reklam Türleri Nelerdir? Neden Mobil Uyumlu Bir Web Sitesi Yaptırmalıyım?",Google reklam verme adımları nelerdir?,0.674506,0.751513,11.42
div,google reklam verme,"Google Ads Nedir? Google Ads ürününüz ya da hizmetiniz için hızlı ve basit bir reklam mecrasıdır. Google Ads reklamları aracılığıyla reklamlarınız Google'da arama sonuçlarında yayınlanır. Minimum bir aylık ücret ödemenizi gerektirmeyen Google Ads reklamlarında, kullanıcılar reklamınıza tıkladığında ödeme yaparsınız. Google Ads reklamlarını başlatmak için başvuru formunu doldurmanız yeterlidir.",Google reklam verme adımları nelerdir?,0.674506,0.751513,11.42
div,google reklam verme,Google Ads Nedir?,Google reklam verme adımları,0.671517,0.818422,21.88
div,google reklam verme,Google Ads Nedir?,Google reklam verme adımları,0.671517,0.818422,21.88
div,google reklam verme,Google Ads Nedir?,Google reklam verme adımları,0.671517,0.818422,21.88
li,web site reklam,Google Reklamları,Web Site Reklam.,0.678885,0.965671,42.24
li,ads reklam vermek,Ads Reklam Politikası,Google reklam verme anlatılır.,0.703504,0.515372,-26.74
li,ads reklam ver,Ads Reklam Politikası,Ads Reklam Ver.,0.712962,0.93725,31.46
h2,google reklam vermek,"Google reklamları direkt satış getiren, geri dönüşü kolayca ölçülebilen en iyi internet reklam aracıdır.",Google Reklam Verme Nasıl Yapılır?,0.685063,0.779267,13.75
h2,google reklam vermek,Google Ads Nedir?,Google Reklam Verme Nasıl Yapılır?,0.659562,0.779267,18.15
div,google reklam vermek,"Google reklamları direkt satış getiren, geri dönüşü kolayca ölçülebilen en iyi internet reklam aracıdır.",Google reklam verme adımları nelerdir?,0.685063,0.713569,4.16
div,google reklam vermek,"Google reklamları direkt satış getiren, geri dönüşü kolayca ölçülebilen en iyi internet reklam aracıdır.",Google reklam verme adımları nelerdir?,0.685063,0.713569,4.16
div,google reklam vermek,"Google reklamları direkt satış getiren, geri dönüşü kolayca ölçülebilen en iyi internet reklam aracıdır.",Google reklam verme adımları nelerdir?,0.685063,0.713569,4.16
div,google reklam vermek,"hizmetlerimiz Sıkça sorulan sorular Uzmanlarımıza sıkça sorulan sorulara buradan ulaşabilirsiniz. Google Ads Nedir? Google Ads ürününüz ya da hizmetiniz için hızlı ve basit bir reklam mecrasıdır. Google Ads reklamları aracılığıyla reklamlarınız Google'da arama sonuçlarında yayınlanır. Minimum bir aylık ücret ödemenizi gerektirmeyen Google Ads reklamlarında, kullanıcılar reklamınıza tıkladığında ödeme yaparsınız. Google Ads reklamlarını başlatmak için başvuru formunu doldurmanız yeterlidir. Instagram Reklamları Ürünüm/Hizmetim için Yararlı Olur Mu? Twitter Reklam Türleri Nelerdir? Neden Mobil Uyumlu Bir Web Sitesi Yaptırmalıyım?",Google reklam verme adımları nelerdir?,0.681215,0.713569,4.75
div,google reklam vermek,"hizmetlerimiz Sıkça sorulan sorular Uzmanlarımıza sıkça sorulan sorulara buradan ulaşabilirsiniz. Google Ads Nedir? Google Ads ürününüz ya da hizmetiniz için hızlı ve basit bir reklam mecrasıdır. Google Ads reklamları aracılığıyla reklamlarınız Google'da arama sonuçlarında yayınlanır. Minimum bir aylık ücret ödemenizi gerektirmeyen Google Ads reklamlarında, kullanıcılar reklamınıza tıkladığında ödeme yaparsınız. Google Ads reklamlarını başlatmak için başvuru formunu doldurmanız yeterlidir. Instagram Reklamları Ürünüm/Hizmetim için Yararlı Olur Mu? Twitter Reklam Türleri Nelerdir? Neden Mobil Uyumlu Bir Web Sitesi Yaptırmalıyım?",Google reklam verme adımları nelerdir?,0.681215,0.713569,4.75
div,google reklam vermek,"Google Ads Nedir? Google Ads ürününüz ya da hizmetiniz için hızlı ve basit bir reklam mecrasıdır. Google Ads reklamları aracılığıyla reklamlarınız Google'da arama sonuçlarında yayınlanır. Minimum bir aylık ücret ödemenizi gerektirmeyen Google Ads reklamlarında, kullanıcılar reklamınıza tıkladığında ödeme yaparsınız. Google Ads reklamlarını başlatmak için başvuru formunu doldurmanız yeterlidir. Instagram Reklamları Ürünüm/Hizmetim için Yararlı Olur Mu? Twitter Reklam Türleri Nelerdir? Neden Mobil Uyumlu Bir Web Sitesi Yaptırmalıyım?",Google reklam verme adımları nelerdir?,0.673262,0.713569,5.99
div,google reklam vermek,"Google Ads Nedir? Google Ads ürününüz ya da hizmetiniz için hızlı ve basit bir reklam mecrasıdır. Google Ads reklamları aracılığıyla reklamlarınız Google'da arama sonuçlarında yayınlanır. Minimum bir aylık ücret ödemenizi gerektirmeyen Google Ads reklamlarında, kullanıcılar reklamınıza tıkladığında ödeme yaparsınız. Google Ads reklamlarını başlatmak için başvuru formunu doldurmanız yeterlidir. Instagram Reklamları Ürünüm/Hizmetim için Yararlı Olur Mu? Twitter Reklam Türleri Nelerdir? Neden Mobil Uyumlu Bir Web Sitesi Yaptırmalıyım?",Google reklam verme adımları nelerdir?,0.673262,0.713569,5.99
div,google reklam vermek,"Google Ads Nedir? Google Ads ürününüz ya da hizmetiniz için hızlı ve basit bir reklam mecrasıdır. Google Ads reklamları aracılığıyla reklamlarınız Google'da arama sonuçlarında yayınlanır. Minimum bir aylık ücret ödemenizi gerektirmeyen Google Ads reklamlarında, kullanıcılar reklamınıza tıkladığında ödeme yaparsınız. Google Ads reklamlarını başlatmak için başvuru formunu doldurmanız yeterlidir. Instagram Reklamları Ürünüm/Hizmetim için Yararlı Olur Mu? Twitter Reklam Türleri Nelerdir? Neden Mobil Uyumlu Bir Web Sitesi Yaptırmalıyım?",Google reklam verme adımları nelerdir?,0.673262,0.713569,5.99
div,google reklam vermek,"Google Ads Nedir? Google Ads ürününüz ya da hizmetiniz için hızlı ve basit bir reklam mecrasıdır. Google Ads reklamları aracılığıyla reklamlarınız Google'da arama sonuçlarında yayınlanır. Minimum bir aylık ücret ödemenizi gerektirmeyen Google Ads reklamlarında, kullanıcılar reklamınıza tıkladığında ödeme yaparsınız. Google Ads reklamlarını başlatmak için başvuru formunu doldurmanız yeterlidir. Instagram Reklamları Ürünüm/Hizmetim için Yararlı Olur Mu? Twitter Reklam Türleri Nelerdir? Neden Mobil Uyumlu Bir Web Sitesi Yaptırmalıyım?",Google reklam verme adımları nelerdir?,0.673262,0.713569,5.99
div,google reklam vermek,"Google Ads Nedir? Google Ads ürününüz ya da hizmetiniz için hızlı ve basit bir reklam mecrasıdır. Google Ads reklamları aracılığıyla reklamlarınız Google'da arama sonuçlarında yayınlanır. Minimum bir aylık ücret ödemenizi gerektirmeyen Google Ads reklamlarında, kullanıcılar reklamınıza tıkladığında ödeme yaparsınız. Google Ads reklamlarını başlatmak için başvuru formunu doldurmanız yeterlidir.",Google reklam verme adımları nelerdir?,0.673262,0.713569,5.99
div,google reklam vermek,Google Ads Nedir?,Google Ads ile reklam,0.659562,0.79667,20.79
div,google reklam vermek,Google Ads Nedir?,Google Ads ile reklam,0.659562,0.79667,20.79
div,google reklam vermek,Google Ads Nedir?,Google Ads ile reklam,0.659562,0.79667,20.79
li,google reklam vermek,Google Reklamları,Google reklam verme,0.848918,0.916307,7.94
