Kullanıcı Niyeti,Mevcut İçerik,Geliştirilmiş İçerik,HTML Bölümü,Eski Skor,Yeni Skor,Yüzde Değişim
google reklam verme nasıl,"Google reklamları direkt satış getiren, geri dönüşü kolayca ölçülebilen en iyi internet reklam aracıdır.","Google reklam verme işlemi, hedef kitlenize ulaşmak ve dönüşüm sağlamak için adım adım öğrenilebilir.",h2,0.7208,0.749832,4.03
google reklamı oluşturma rehberi,"Google reklamları direkt satış getiren, geri dönüşü kolayca ölçülebilen en iyi internet reklam aracıdır.","Google reklamları direkt satış getiren, geri dönüşü kolayca ölçülebilen en iyi internet reklam aracıdır.",h2,0.6638,0.6638,değişmedi (rollback)
google reklam verme nasıl,Google Ads Nedir?,"Google reklam verme nasıl öğrenmek isterseniz, Google Ads platformu üzerinden reklam verebilirsiniz.",h2,0.6696,0.79343,18.49
google reklam verme nasıl,"hizmetlerimiz
Sıkça sorulan sorular
Uzmanlarımıza sıkça sorulan sorulara buradan ulaşabilirsiniz.
Google Ads Nedir?
Google Ads ürününüz ya da hizmetiniz için hızlı ve basit bir reklam mecrasıdır. Google Ads reklamları aracılığıyla reklamlarınız Google'da arama sonuçlarında yayınlanır. Minimum bir aylık ücret ödemenizi gerektirmeyen Google Ads reklamlarında, kullanıcılar reklamınıza tıkladığında ödeme yaparsınız. Google Ads reklamlarını başlatmak için başvuru formunu doldurmanız yeterlidir. 
Instagram Reklamları Ürünüm/Hizmetim için Yararlı Olur Mu?
Twitter Reklam Türleri Nelerdir?
Neden Mobil Uyumlu Bir Web Sitesi Yaptırmalıyım?",Google reklam verme nasıl öğrenmek istersiniz? Google Ads ile dijital reklam kampanyalarınız için Google'da arama sonuçlarında reklam yayınlayabilirsiniz?,div,0.6921,0.775483,12.05
google reklamı oluşturma rehberi,"hizmetlerimiz
Sıkça sorulan sorular
Uzmanlarımıza sıkça sorulan sorulara buradan ulaşabilirsiniz.
Google Ads Nedir?
Google Ads ürününüz ya da hizmetiniz için hızlı ve basit bir reklam mecrasıdır. Google Ads reklamları aracılığıyla reklamlarınız Google'da arama sonuçlarında yayınlanır. Minimum bir aylık ücret ödemenizi gerektirmeyen Google Ads reklamlarında, kullanıcılar reklamınıza tıkladığında ödeme yaparsınız. Google Ads reklamlarını başlatmak için başvuru formunu doldurmanız yeterlidir. 
Instagram Reklamları Ürünüm/Hizmetim için Yararlı Olur Mu?
Twitter Reklam Türleri Nelerdir?
Neden Mobil Uyumlu Bir Web Sitesi Yaptırmalıyım?","Google reklamları oluşturma rehberi için öncelikle Google Ads'in ne olduğunu anlamanız gerekiyor. Google Ads, ürünlerinizi veya hizmetlerinizi Google'da arama sonuçlarında ve YouTube'da yayınlanan reklamlarla tanıtmanızı sağlar.",div,0.6784,0.684804,0.94
google reklam verme nasıl,"hizmetlerimiz
Sıkça sorulan sorular
Uzmanlarımıza sıkça sorulan sorulara buradan ulaşabilirsiniz.
Google Ads Nedir?
Google Ads ürününüz ya da hizmetiniz için hızlı ve basit bir reklam mecrasıdır. Google Ads reklamları aracılığıyla reklamlarınız Google'da arama sonuçlarında yayınlanır. Minimum bir aylık ücret ödemenizi gerektirmeyen Google Ads reklamlarında, kullanıcılar reklamınıza tıkladığında ödeme yaparsınız. Google Ads reklamlarını başlatmak için başvuru formunu doldurmanız yeterlidir. 
Instagram Reklamları Ürünüm/Hizmetim için Yararlı Olur Mu?
Twitter Reklam Türleri Nelerdir?
Neden Mobil Uyumlu Bir Web Sitesi Yaptırmalıyım?","hizmetlerimiz
Sıkça sorulan sorular
Uzmanlarımıza sıkça sorulan sorulara buradan ulaşabilirsiniz.
Google Ads Nedir?
Google Ads ürününüz ya da hizmetiniz için hızlı ve basit bir reklam mecrasıdır. Google Ads reklamları aracılığıyla reklamlarınız Google'da arama sonuçlarında yayınlanır. Minimum bir aylık ücret ödemenizi gerektirmeyen Google Ads reklamlarında, kullanıcılar reklamınıza tıkladığında ödeme yaparsınız. Google Ads reklamlarını başlatmak için başvuru formunu doldurmanız yeterlidir. 
Instagram Reklamları Ürünüm/Hizmetim için Yararlı Olur Mu?
Twitter Reklam Türleri Nelerdir?
Neden Mobil Uyumlu Bir Web Sitesi Yaptırmalıyım?",div,0.6921,0.6921,değişmedi (rollback)
google reklamı oluşturma rehberi,"hizmetlerimiz
Sıkça sorulan sorular
Uzmanlarımıza sıkça sorulan sorulara buradan ulaşabilirsiniz.
Google Ads Nedir?
Google Ads ürününüz ya da hizmetiniz için hızlı ve basit bir reklam mecrasıdır. Google Ads reklamları aracılığıyla reklamlarınız Google'da arama sonuçlarında yayınlanır. Minimum bir aylık ücret ödemenizi gerektirmeyen Google Ads reklamlarında, kullanıcılar reklamınıza tıkladığında ödeme yaparsınız. Google Ads reklamlarını başlatmak için başvuru formunu doldurmanız yeterlidir. 
Instagram Reklamları Ürünüm/Hizmetim için Yararlı Olur Mu?
Twitter Reklam Türleri Nelerdir?
Neden Mobil Uyumlu Bir Web Sitesi Yaptırmalıyım?","Google reklamı oluşturma sürecine başlamak için öncelikle Google Ads'in ne olduğunu bilmeniz gerekir. Google Ads, Google'da reklam göstermek isteyen işletmelere yönelik bir reklam platformudur.",div,0.6784,0.697917,2.88
google reklam verme nasıl,"Google Ads Nedir?
Google Ads ürününüz ya da hizmetiniz için hızlı ve basit bir reklam mecrasıdır. Google Ads reklamları aracılığıyla reklamlarınız Google'da arama sonuçlarında yayınlanır. Minimum bir aylık ücret ödemenizi gerektirmeyen Google Ads reklamlarında, kullanıcılar reklamınıza tıkladığında ödeme yaparsınız. Google Ads reklamlarını başlatmak için başvuru formunu doldurmanız yeterlidir. 
Instagram Reklamları Ürünüm/Hizmetim için Yararlı Olur Mu?
Twitter Reklam Türleri Nelerdir?
Neden Mobil Uyumlu Bir Web Sitesi Yaptırmalıyım?","Google reklam verme işlemi, Google Ads platformu üzerinden gerçekleştirilir. Bu sistemde, belirli anahtar kelimeler ve hedef kitleler belirleyerek reklamlarınızı yayınlamanız mümkündür.",div,0.6734,0.696375,3.41
google reklamı oluşturma rehberi,"Google Ads Nedir?
Google Ads ürününüz ya da hizmetiniz için hızlı ve basit bir reklam mecrasıdır. Google Ads reklamları aracılığıyla reklamlarınız Google'da arama sonuçlarında yayınlanır. Minimum bir aylık ücret ödemenizi gerektirmeyen Google Ads reklamlarında, kullanıcılar reklamınıza tıkladığında ödeme yaparsınız. Google Ads reklamlarını başlatmak için başvuru formunu doldurmanız yeterlidir. 
Instagram Reklamları Ürünüm/Hizmetim için Yararlı Olur Mu?
Twitter Reklam Türleri Nelerdir?
Neden Mobil Uyumlu Bir Web Sitesi Yaptırmalıyım?",Google reklamı oluşturma rehberiniz için Google Ads ile başlayabilirsiniz. Google Ads'i kullanmaya başlamak için öncelikle reklam hedeflemeyi tanımlamanız gerekir.,div,0.6653,0.683904,2.8
google reklam verme nasıl,"Google Ads Nedir?
Google Ads ürününüz ya da hizmetiniz için hızlı ve basit bir reklam mecrasıdır. Google Ads reklamları aracılığıyla reklamlarınız Google'da arama sonuçlarında yayınlanır. Minimum bir aylık ücret ödemenizi gerektirmeyen Google Ads reklamlarında, kullanıcılar reklamınıza tıkladığında ödeme yaparsınız. Google Ads reklamlarını başlatmak için başvuru formunu doldurmanız yeterlidir. 
Instagram Reklamları Ürünüm/Hizmetim için Yararlı Olur Mu?
Twitter Reklam Türleri Nelerdir?
Neden Mobil Uyumlu Bir Web Sitesi Yaptırmalıyım?","Google reklam verme işlemi, Google Ads platformu üzerinden gerçekleştirilir. Öncelikle, Google Ads hesabınıza giriş yapmanız ve reklam hedeflemelerinizi belirlemeniz gerekir.",div,0.6734,0.702935,4.39
google reklamı oluşturma rehberi,"Google Ads Nedir?
Google Ads ürününüz ya da hizmetiniz için hızlı ve basit bir reklam mecrasıdır. Google Ads reklamları aracılığıyla reklamlarınız Google'da arama sonuçlarında yayınlanır. Minimum bir aylık ücret ödemenizi gerektirmeyen Google Ads reklamlarında, kullanıcılar reklamınıza tıkladığında ödeme yaparsınız. Google Ads reklamlarını başlatmak için başvuru formunu doldurmanız yeterlidir. 
Instagram Reklamları Ürünüm/Hizmetim için Yararlı Olur Mu?
Twitter Reklam Türleri Nelerdir?
Neden Mobil Uyumlu Bir Web Sitesi Yaptırmalıyım?",Google reklamı oluşturma rehberiniz aşağıdadır. İlk adım olarak Google Ads hesabınıza giriş yapın.,div,0.6653,0.742947,11.67
google reklam verme nasıl,"Google Ads Nedir?
Google Ads ürününüz ya da hizmetiniz için hızlı ve basit bir reklam mecrasıdır. Google Ads reklamları aracılığıyla reklamlarınız Google'da arama sonuçlarında yayınlanır. Minimum bir aylık ücret ödemenizi gerektirmeyen Google Ads reklamlarında, kullanıcılar reklamınıza tıkladığında ödeme yaparsınız. Google Ads reklamlarını başlatmak için başvuru formunu doldurmanız yeterlidir. 
Instagram Reklamları Ürünüm/Hizmetim için Yararlı Olur Mu?
Twitter Reklam Türleri Nelerdir?
Neden Mobil Uyumlu Bir Web Sitesi Yaptırmalıyım?","Google reklam verme işlemi, Google Ads platformu üzerinden gerçekleştirilir. İlk adım olarak Google Ads hesabınıza giriş yapmanız ve reklam kampanyası oluşturmanız gerekir.",div,0.6734,0.675648,0.33
google reklamı oluşturma rehberi,"Google Ads Nedir?
Google Ads ürününüz ya da hizmetiniz için hızlı ve basit bir reklam mecrasıdır. Google Ads reklamları aracılığıyla reklamlarınız Google'da arama sonuçlarında yayınlanır. Minimum bir aylık ücret ödemenizi gerektirmeyen Google Ads reklamlarında, kullanıcılar reklamınıza tıkladığında ödeme yaparsınız. Google Ads reklamlarını başlatmak için başvuru formunu doldurmanız yeterlidir. 
Instagram Reklamları Ürünüm/Hizmetim için Yararlı Olur Mu?
Twitter Reklam Türleri Nelerdir?
Neden Mobil Uyumlu Bir Web Sitesi Yaptırmalıyım?",Google reklamı oluşturma rehberiniz için Google Ads ile başlayabilirsiniz. İlk adımda reklam kampanyalarınızı belirleyin ve hedef kitlenizi tanımlayın.,div,0.6653,0.697431,4.83
google reklam verme nasıl,"Google Ads Nedir?
Google Ads ürününüz ya da hizmetiniz için hızlı ve basit bir reklam mecrasıdır. Google Ads reklamları aracılığıyla reklamlarınız Google'da arama sonuçlarında yayınlanır. Minimum bir aylık ücret ödemenizi gerektirmeyen Google Ads reklamlarında, kullanıcılar reklamınıza tıkladığında ödeme yaparsınız. Google Ads reklamlarını başlatmak için başvuru formunu doldurmanız yeterlidir. 
Instagram Reklamları Ürünüm/Hizmetim için Yararlı Olur Mu?
Twitter Reklam Türleri Nelerdir?
Neden Mobil Uyumlu Bir Web Sitesi Yaptırmalıyım?",Google reklam verme işlemi adım adım şu şekildedir: Öncelikle Google Ads hesabınıza giriş yapmanız gerekmektedir. Ardından reklam kampanyası oluşturacak ve hedef kitlenizi belirleyeceksiniz.,div,0.6734,0.67512,0.26
google reklamı oluşturma rehberi,"Google Ads Nedir?
Google Ads ürününüz ya da hizmetiniz için hızlı ve basit bir reklam mecrasıdır. Google Ads reklamları aracılığıyla reklamlarınız Google'da arama sonuçlarında yayınlanır. Minimum bir aylık ücret ödemenizi gerektirmeyen Google Ads reklamlarında, kullanıcılar reklamınıza tıkladığında ödeme yaparsınız. Google Ads reklamlarını başlatmak için başvuru formunu doldurmanız yeterlidir. 
Instagram Reklamları Ürünüm/Hizmetim için Yararlı Olur Mu?
Twitter Reklam Türleri Nelerdir?
Neden Mobil Uyumlu Bir Web Sitesi Yaptırmalıyım?",Google reklamı oluşturma sürecinde size rehberlik edeceğiz. Google Ads ile dijital reklam kampanyalarınız için hedefli reklamlar yayınlayabilirsiniz.,div,0.6653,0.747451,12.35
google reklam verme nasıl,"Google Ads Nedir?
Google Ads ürününüz ya da hizmetiniz için hızlı ve basit bir reklam mecrasıdır. Google Ads reklamları aracılığıyla reklamlarınız Google'da arama sonuçlarında yayınlanır. Minimum bir aylık ücret ödemenizi gerektirmeyen Google Ads reklamlarında, kullanıcılar reklamınıza tıkladığında ödeme yaparsınız. Google Ads reklamlarını başlatmak için başvuru formunu doldurmanız yeterlidir.","Google reklam verme işlemi, Google Ads platformu üzerinden başlanır. Reklam verme nasıl olur sorunuz için, öncelikle Google Ads hesabınıza giriş yapmanız ve hedef kitlenizi, reklam bütçenizi ve reklam metninizi belirlemeniz gerekir?",div,0.6734,0.679568,0.92
google reklamı oluşturma rehberi,"Google Ads Nedir?
Google Ads ürününüz ya da hizmetiniz için hızlı ve basit bir reklam mecrasıdır. Google Ads reklamları aracılığıyla reklamlarınız Google'da arama sonuçlarında yayınlanır. Minimum bir aylık ücret ödemenizi gerektirmeyen Google Ads reklamlarında, kullanıcılar reklamınıza tıkladığında ödeme yaparsınız. Google Ads reklamlarını başlatmak için başvuru formunu doldurmanız yeterlidir.","Google reklamı oluşturma rehberiniz başlamış oldu. Google Ads ile reklamlarınızı hedef kitleye ulaştırmak için, öncelikle Google Ads hesabınızın oluşturulması gerekmektedir.",div,0.6653,0.716738,7.73
google reklam verme nasıl,Google Ads Nedir?,"Google reklam verme nasıl öğrenmek isterseniz, Google Ads platformu üzerinden reklam verebilirsiniz. Google Ads, potansiyel müşterilerinize ulaşmak için güçlü araçlar sunar ve reklam kampanyalarınızı detaylı bir şekilde yönetmenizi sağlar?",div,0.6696,0.720646,7.62
google reklam verme nasıl,Google Ads Nedir?,"Google reklam verme nasıl öğrenmek istersiniz? Google Ads, web sitenizi ve uygulamalarınızı Google arama sonuçlarında, YouTube'da ve diğer Google ağlarında hedefli bir şekilde tanıtabilmenizi sağlar?",div,0.6696,0.727535,8.65
google reklam verme nasıl,Google Ads Nedir?,"Google reklam verme nasıl öğrenmek istersiniz. Google Ads platformu üzerinden, hedef kitlenize yönelik etkili reklamlar oluşturabilir ve yönetebilirsiniz?",div,0.6696,0.721922,7.81
google reklam verme nasıl,Google Reklamları,Google Reklamları,li,0.8116,0.8116,değişmedi (rollback)
google reklamı oluşturma rehberi,Google Reklamları,Google Reklamları,li,0.7747,0.7747,değişmedi (rollback)
