Alan,Metin,Kullanıcı Sorgusu,Benzerlik Skoru,Uyum Durumu
title,Google Reklam Vermek | 444 0 964 | Google Ads Reklam,google reklam verme,0.647843062877655,Düşük Uyum
meta,"Google Ads Premier İş Ortağı: Google Ads Reklam Verme, Facebook Reklamları, Instagram Reklamları, Youtube Reklamları, Reklam Yönetimi ve Kurumsal Çözümler için Bizi Arayın 444-0-964",google reklam verme,0.46646735072135925,Düşük Uyum
title,Google Reklam Vermek | 444 0 964 | Google Ads Reklam,reklam verme,0.38974910974502563,Düşük Uyum
meta,"Google Ads Premier İş Ortağı: Google Ads Reklam Verme, Facebook Reklamları, Instagram Reklamları, Youtube Reklamları, Reklam Yönetimi ve Kurumsal Çözümler için Bizi Arayın 444-0-964",reklam verme,0.38613057136535645,Düşük Uyum
title,Google Reklam Vermek | 444 0 964 | Google Ads Reklam,reklam ver,0.3496096134185791,Düşük Uyum
meta,"Google Ads Premier İş Ortağı: Google Ads Reklam Verme, Facebook Reklamları, Instagram Reklamları, Youtube Reklamları, Reklam Yönetimi ve Kurumsal Çözümler için Bizi Arayın 444-0-964",reklam ver,0.3430137634277344,Düşük Uyum
title,Google Reklam Vermek | 444 0 964 | Google Ads Reklam,reklam vermek,0.3839982748031616,Düşük Uyum
meta,"Google Ads Premier İş Ortağı: Google Ads Reklam Verme, Facebook Reklamları, Instagram Reklamları, Youtube Reklamları, Reklam Yönetimi ve Kurumsal Çözümler için Bizi Arayın 444-0-964",reklam vermek,0.3755449056625366,Düşük Uyum
title,Google Reklam Vermek | 444 0 964 | Google Ads Reklam,web site reklam,0.4461013078689575,Düşük Uyum
meta,"Google Ads Premier İş Ortağı: Google Ads Reklam Verme, Facebook Reklamları, Instagram Reklamları, Youtube Reklamları, Reklam Yönetimi ve Kurumsal Çözümler için Bizi Arayın 444-0-964",web site reklam,0.3473306894302368,Düşük Uyum
title,Google Reklam Vermek | 444 0 964 | Google Ads Reklam,ads reklam vermek,0.411501407623291,Düşük Uyum
meta,"Google Ads Premier İş Ortağı: Google Ads Reklam Verme, Facebook Reklamları, Instagram Reklamları, Youtube Reklamları, Reklam Yönetimi ve Kurumsal Çözümler için Bizi Arayın 444-0-964",ads reklam vermek,0.37189561128616333,Düşük Uyum
title,Google Reklam Vermek | 444 0 964 | Google Ads Reklam,ads reklam ver,0.4274400770664215,Düşük Uyum
meta,"Google Ads Premier İş Ortağı: Google Ads Reklam Verme, Facebook Reklamları, Instagram Reklamları, Youtube Reklamları, Reklam Yönetimi ve Kurumsal Çözümler için Bizi Arayın 444-0-964",ads reklam ver,0.3811376690864563,Düşük Uyum
title,Google Reklam Vermek | 444 0 964 | Google Ads Reklam,google reklam vermek,0.6427359580993652,Düşük Uyum
meta,"Google Ads Premier İş Ortağı: Google Ads Reklam Verme, Facebook Reklamları, Instagram Reklamları, Youtube Reklamları, Reklam Yönetimi ve Kurumsal Çözümler için Bizi Arayın 444-0-964",google reklam vermek,0.4524705410003662,Düşük Uyum
